Emp ID,Name,DOB,SSN,State
214,Sarah,Simpson,12/04/1985,FL
15,Samantha,Lara,09/08/1993,CO
411,Stacy,Charles,12/20/1957,PA
166,Michelle,Roy,07/29/1978,MI
39,Joseph,Rogers,03/28/1985,MN
423,Erica,Hines,10/13/1975,NY
192,Zoe,Patel,12/20/1967,WI
162,Matthew,Harvey,01/20/1990,TN
131,Shawn,Davis,07/21/1961,WV
20,April,Baldwin,08/07/1961,MO
246,Vincent,Daniels,01/06/1972,MT
525,Ann,Fields,08/22/1960,IA
392,Jeffrey,Pearson,05/05/1979,IL
474,Heather,Johnson,09/23/1989,GA
478,Melissa,Fletcher,03/14/1979,RI
101,Kimberly,Alvarez,09/04/1984,LA
52,Monica,Jimenez,04/08/1988,ND
182,Steven,Johnson,05/28/1962,NE
637,Sarah,Wood,06/15/1972,FL
510,Jesus,Petersen,03/28/1958,OK
122,Rhonda,Rosales,04/10/1963,AL
294,Nicole,Richardson,09/09/1981,LA
327,Jennifer,Mendez,07/20/1977,OR
145,Sandra,Petty,01/30/1981,NC
565,Michael,Hester,04/13/1987,SD
590,Joseph,Brown,08/28/1982,NH
340,Michelle,Cooper,08/23/1993,WA
176,Barbara,Wise,12/15/1991,IN
63,Carol,Rosales,07/20/1984,NJ
121,Mark,Villa,02/24/1969,MS
70,Russell,Orozco,09/16/1973,MS
446,Michelle,Sanchez,08/21/1994,OK
156,Briana,Ayala,10/31/1965,CT
343,Shane,Roberts,12/14/1958,HI
599,Cassandra,Morris,01/24/1973,MT
102,Krista,Thompson,07/25/1984,KY
377,Jon,Bennett,09/13/1957,NM
240,April,Thomas,12/03/1993,CO
455,Haley,Martinez,01/15/1968,ID
503,Isaac,Stafford,11/25/1989,SD
269,John,Martinez,01/06/1987,NH
219,John,Phillips,12/08/1982,WV
301,Gary,Shelton,09/11/1978,SD
84,Amanda,Gordon,10/12/1969,ME
588,Jessica,Holt,09/12/1963,NE
540,Stephanie,Estes,07/15/1966,SD
329,Jessica,Brown,02/01/1992,MS
74,Donna,Manning,05/19/1973,NM
29,Nicholas,Owens,08/20/1991,VA
92,Wendy,Ryan,05/13/1960,AZ
489,Kimberly,Hooper,09/08/1971,GA
561,Deborah,Gonzalez,05/28/1975,MT
44,Laura,Yoder,04/18/1987,IN
138,Kimberly,Velez,03/07/1958,AZ
623,Kevin,Garcia,05/15/1973,OK
173,Marcia,Jones,11/20/1972,ND
148,Nicole,Baldwin,08/11/1978,NV
184,Katherine,Juarez,02/13/1986,CA
228,Paula,Thompson,09/22/1985,NC
117,Joan,Hoover,02/27/1973,NM
544,Stephen,Simon,11/28/1962,NV
116,Rebecca,Taylor,09/30/1962,MN
622,Lindsay,Owens,04/28/1973,DE
376,Justin,Payne,07/03/1983,AK
100,Michelle,Thornton,01/25/1961,GA
222,Timothy,Hill,08/11/1985,SC
506,Karen,Johnson,01/05/1976,OH
59,Alexis,Mcintosh,03/01/1962,KY
456,Susan,Fitzgerald,09/18/1961,AL
389,Amber,Stewart,08/26/1958,OH
236,Taylor,Evans,07/17/1983,NJ
78,Tracy,Knight,09/27/1993,ID
253,Jason,Parks,02/27/1981,AZ
67,Jonathan,Carroll,06/15/1973,SC
642,Sara,Wallace,06/21/1959,MS
279,Jeffrey,Mitchell,05/23/1969,UT
41,April,West,03/11/1986,DE
30,Ryan,Reynolds,02/05/1973,IN
462,Rachel,Bell,07/24/1989,AL
87,Amber,Williamson,06/20/1984,LA
26,Tony,Park,10/08/1968,UT
553,Robert,Jefferson,10/04/1981,OH
151,Sarah,Hernandez,07/05/1987,WY
523,Margaret,Foley,12/19/1968,CA
434,Tina,Christensen,03/01/1988,TN
1,Isaac,Gomez,10/16/1987,WY
365,Phillip,Davis,04/24/1961,VT
230,Brian,Douglas,09/18/1979,NV
357,Teresa,Wilson,08/12/1994,IN
142,Timothy,Wilson,11/21/1993,WV
606,Lori,Davies,08/21/1980,AK
129,Brittany,Stone,11/21/1985,CO
34,Matthew,Rogers,03/09/1974,CA
190,Francisco,Gardner,08/18/1972,WI
259,Ashley,Patrick,12/06/1979,OR
471,Brandi,Frey,07/23/1979,MD
362,Garrett,Kelley,12/20/1974,PA
620,Robert,Barron,04/19/1985,NE
299,Lee,Serrano,06/19/1967,WV
213,Jessica,Vance,04/30/1959,DE
427,Russell,Ashley,02/15/1973,OH
105,Catherine,Richardson,10/03/1989,WY
260,Sheri,Hamilton,03/12/1986,NH
547,Craig,Strickland,02/27/1968,ND
28,Brandon,Hall,09/30/1969,AK
486,Karla,Adams,11/18/1962,VT
300,Ernest,Washington,07/15/1990,FL
501,John,Owens,05/15/1989,MT
584,Roberto,Farmer,05/04/1968,LA
453,Tom,Bailey,01/24/1980,IA
16,Jennifer,White,01/17/1966,MI
185,Courtney,Mendez,11/25/1961,NE
223,Jasmine,Miller,05/13/1971,MD
290,Amy,Bryan,06/24/1969,CA
71,Melvin,Pruitt,05/06/1994,AK
73,Amanda,Carrillo,10/25/1957,MS
549,Anthony,Nguyen,03/10/1987,ND
359,Kaitlyn,Charles,11/23/1965,NH
631,Rebecca,Pollard,03/17/1977,FL
585,James,Jackson,09/02/1987,ME
641,Gina,Jones,02/05/1964,HI
564,Tyler,Woodward,05/06/1983,KS
149,Hannah,Schultz,12/28/1984,NY
430,Anthony,Sims,04/20/1976,CT
587,Jessica,Wallace,05/02/1981,WI
420,Jonathan,Pearson,01/03/1980,VT
625,Richard,Hunt,09/17/1987,IN
319,Madison,Ballard,03/11/1966,DE
18,Kathryn,Blair,08/07/1993,GA
535,Kristina,Patterson,03/28/1958,CT
417,Kathryn,Bryant,04/09/1957,CO
391,Jerry,Ayala,03/02/1982,WA
274,Karen,Rodriguez,07/30/1994,CT
270,Daniel,Jacobs,04/24/1972,TX
537,Stephanie,Campbell,08/30/1968,TN
341,Michael,Pacheco,04/29/1977,LA
402,Steven,Garcia,04/01/1991,MT
476,Brenda,Hall,07/15/1957,TX
367,Rhonda,Smith,06/27/1969,ME
407,Tracy,Francis,01/26/1960,VT
280,Dawn,Fernandez,04/14/1981,NE
524,Matthew,Wells,08/29/1958,FL
57,Joel,Walker,09/20/1979,FL
312,Paula,Shea,08/15/1978,OH
649,Paul,Bell,05/23/1976,WI
488,Frederick,Roberson,01/02/1978,MI
139,Melissa,Armstrong,03/17/1959,OR
412,Jennifer,Alexander,01/15/1969,AK
5,Cassandra,Perez,09/02/1986,IL
153,Anthony,Austin,12/17/1965,WI
321,Cynthia,Jones,08/11/1976,RI
541,Oscar,Bernard,04/07/1990,IL
406,Amanda,Hendrix,11/19/1980,AR
204,Vincent,Henry,08/22/1961,UT
567,Lauren,Bush,12/19/1976,GA
187,Stacey,Bates,06/17/1961,CA
460,Amanda,Khan,04/16/1971,NE
212,Amanda,Sutton,12/07/1973,AR
617,Joshua,Li,03/20/1992,ID
353,Becky,Kennedy,04/05/1987,MI
383,Laura,Espinoza,09/04/1978,FL
91,Joshua,Murphy,12/31/1970,WI
429,Randall,Bowen,04/11/1969,TX
40,Michelle,Pham,07/31/1979,SC
298,Emily,Thomas,07/10/1974,RI
400,Jessica,Kelley,12/15/1976,KY
480,Jeffrey,Brown,12/23/1968,WA
375,Jennifer,Keith,11/24/1990,AR
626,Joshua,Romero,10/14/1979,NM
97,Frank,Walker,12/13/1976,AZ
291,Cody,Lindsey,01/29/1965,AL
614,Cody,Baker,03/09/1979,VT
552,Jaclyn,Wall,12/13/1985,SD
338,Kaitlyn,Roy,06/15/1965,MN
513,Allison,Lee,04/04/1994,UT
231,Heather,Patterson,06/08/1969,WV
443,Carrie,Thomas,08/08/1980,MA
140,David,Gutierrez,08/14/1967,NE
96,Harold,Robinson,08/20/1965,NM
531,Alex,Graham,11/27/1978,KY
403,Steven,Thompson,01/01/1978,NJ
580,Barbara,Martin,11/11/1971,NE
113,Theresa,Cochran,02/23/1976,IA
289,Michael,Madden,09/05/1964,CO
247,Brian,Chase,05/01/1989,AZ
472,Carolyn,Rodriguez,11/16/1962,RI
582,Breanna,Williams,06/03/1994,NC
265,Anne,Cook,11/11/1981,NY
281,Tara,Bowers,09/22/1975,NY
330,Joyce,Hall,10/10/1980,VA
372,Sydney,George,01/24/1959,FL
628,Lindsay,Williams,09/19/1977,NV
445,Darrell,Thomas,03/14/1986,UT
316,Thomas,Knight,08/07/1965,NJ
499,Carolyn,Diaz,04/20/1991,DE
528,Karen,Ball,04/13/1986,ND
242,Ronald,Richardson,04/20/1988,GA
632,Donna,Williams,09/01/1986,MS
313,Molly,Wright,02/23/1991,WA
89,Jeffrey,Mcintyre,06/02/1974,KS
130,Tabitha,Parks,01/19/1975,IA
3,Melissa,Padilla,12/08/1982,MT
586,George,Harris,11/15/1979,AZ
355,Cheryl,Hancock,09/03/1993,ID
532,Jeffrey,Paul,01/12/1972,MT
326,Wendy,Jones,04/20/1979,NY
225,Elizabeth,Johnson,12/01/1981,AR
191,Charles,Green,05/22/1990,SC
444,Jeffrey,Cooper,12/14/1970,MD
490,Judith,Brooks,01/25/1971,IN
609,Amanda,Ramsey,04/10/1971,SC
47,Stephen,Oliver,12/27/1984,CA
508,Nancy,Rodriguez,02/13/1988,MD
388,Joshua,Powers,05/13/1971,FL
331,Lisa,Stein,02/07/1980,CA
264,Jessica,Martin,08/18/1967,NV
589,George,Hardy,04/17/1990,NM
278,Jonathan,Carney,11/08/1990,CO
526,Carol,Robertson,02/01/1959,IL
205,Susan,Zhang,03/18/1983,CT
199,Christopher,Cameron,08/30/1969,NY
550,Paul,Ramsey,05/14/1990,MD
103,David,Torres,03/26/1971,MS
465,Barbara,Roberts,10/22/1993,KS
348,Nicholas,Dunn,05/22/1985,MD
158,John,Long,10/09/1966,NE
361,Shelby,Porter,01/09/1992,ME
610,Judith,Robinson,08/29/1973,FL
235,Justin,Holt,09/19/1969,WY
442,Laura,Valdez,09/14/1988,IL
215,Jesse,Rosales,12/29/1989,WV
17,Amy,Duran,04/02/1992,MN
363,Joshua,Williams,11/06/1976,IN
438,Robert,Davis,03/28/1986,NE
111,Lisa,Houston,06/27/1966,OH
396,Timothy,Williams,11/27/1978,IL
255,Kim,Finley,03/09/1973,SC
226,Andrew,Lopez,06/11/1962,TN
652,Veronica,Herrera,10/22/1958,IA
64,Bob,Murphy,01/14/1982,SD
415,Timothy,Duncan,09/25/1977,IN
354,David,Sandoval,11/26/1985,WV
517,Tony,Graves,10/19/1980,ID
292,Andrea,Fuller,07/17/1981,WA
579,William,Carney,06/16/1974,WY
181,Daniel,Dominguez,11/15/1992,KY
556,David,Franco,10/30/1983,NY
351,Justin,Ortiz,01/29/1961,AK
405,Sara,Jarvis,07/23/1964,WV
647,Adam,Green,05/09/1988,TN
646,Debra,Flores,04/02/1969,KS
79,Jennifer,Adams,12/04/1988,RI
371,Lori,Sosa,06/14/1988,MI
542,Cory,Mora,03/27/1985,NV
261,Denise,Hughes,09/20/1966,UT
368,Anthony,Jenkins,09/05/1957,MA
439,Leonard,Soto,10/17/1986,NE
82,Donald,Todd,07/16/1960,MI
431,Christopher,Long,08/24/1979,VT
155,Donald,Pierce,02/27/1976,NJ
189,Matthew,Sullivan,02/25/1986,MS
393,Brianna,Stevens,06/11/1965,MT
451,Jacqueline,Villegas,02/13/1981,SC
22,Mary,Diaz,02/18/1964,GA
470,Steven,Taylor,12/01/1985,NH
384,Edward,Jimenez,08/19/1980,KY
7,John,Joseph,01/07/1992,PA
258,Jared,Fletcher,07/16/1977,VT
568,Kathleen,Hill,02/04/1970,NH
56,Johnny,Warner,08/16/1965,NH
621,Frank,Smith,02/08/1971,IL
49,Stephanie,Thompson,03/26/1957,RI
397,Angela,Cannon,09/13/1992,KS
36,Trevor,Robinson,04/26/1967,WV
33,Gregory,Powers,05/19/1969,KS
224,Michael,Sparks,11/03/1982,NC
634,George,Flores,01/31/1989,IA
144,Michael,Hall,01/22/1986,AZ
491,Susan,Williamson,05/27/1973,IN
309,Luis,Norton,05/11/1988,WI
211,Victoria,Pearson,03/07/1990,ND
475,Roger,Nichols,01/13/1976,OR
493,Jenny,Mills,11/10/1983,WI
128,Joshua,Moore,09/30/1965,PA
262,James,Carr,02/25/1979,AL
597,David,Lane,04/21/1974,MN
325,Beth,Reese,04/30/1961,PA
573,Lindsay,Thompson,09/24/1986,KS
55,Amber,Taylor,04/27/1982,NY
132,Oscar,Yates,04/03/1977,IL
401,Anthony,Cooper,06/04/1994,CA
483,Tracie,Harrison,07/01/1983,DE
424,Corey,Herrera,11/08/1970,OR
188,Anthony,Kim,11/04/1981,WY
272,Kendra,Marshall,09/11/1967,IN
545,Debbie,Chang,02/17/1993,PA
193,Miranda,Simmons,03/27/1964,IL
593,Catherine,Murphy,08/11/1968,RI
463,Nicholas,Shelton,06/07/1984,GA
334,Laura,Winters,07/05/1969,GA
596,Jill,Barr,04/07/1983,MN
373,Lauren,Ritter,12/26/1970,KS
635,Anthony,Short,06/07/1986,WY
315,Patrick,Yates,05/07/1967,NC
120,Brett,Mitchell,01/20/1976,WI
110,Andrea,Boone,02/05/1983,CO
68,Charles,Alvarez,02/01/1993,MT
14,Jeff,Garner,12/21/1978,MA
200,Natalie,Williams,06/14/1971,MA
62,Tracy,King,11/17/1969,NC
263,Michael,Huang,02/14/1990,SC
257,Ray,Miller,03/09/1968,CA
61,Tracey,Powers,04/28/1976,WY
107,Alexander,Moore,07/05/1992,HI
322,Lisa,Fisher,01/05/1977,NM
2,Tamara,Gentry,04/03/1987,SC
81,Christopher,Fitzgerald,04/19/1992,MA
337,Jose,Olson,01/20/1991,PA
93,Carrie,Wallace,02/07/1966,GA
366,Crystal,Smith,04/30/1991,NY
287,Caroline,Edwards,10/20/1959,NV
66,Carol,Baker,08/01/1959,OR
243,Alexandra,Ward,12/27/1973,AR
603,Krystal,Townsend,05/15/1990,AZ
277,Melanie,Elliott,06/21/1976,MN
583,Tracey,Barajas,01/09/1973,AR
268,Eric,Barker,12/09/1976,GA
234,Olivia,Elliott,09/15/1991,NM
320,Daniel,Reed,12/24/1969,NJ
461,Roberto,Pierce,07/03/1964,MO
232,Lawrence,Stewart,06/15/1987,MO
13,Michael,Snow,02/17/1965,KS
108,Ashley,Cruz,09/09/1973,MA
216,Jesus,Hobbs,12/10/1975,MS
304,Jody,Riley,01/08/1978,CT
94,Joseph,Scott,11/23/1993,MD
171,Eric,Sullivan,01/05/1993,SC
466,Christopher,Cervantes,11/09/1975,VT
498,Jennifer,Leon,02/03/1959,AR
180,Victor,Fuentes,12/07/1957,WA
9,Christine,Marshall,12/05/1972,AL
170,Amanda,Garcia,12/03/1961,NJ
172,Nancy,Holloway,03/13/1983,AK
46,Kimberly,Banks,07/03/1990,AZ
576,Laura,King,06/04/1971,AZ
11,Robert,Mendoza,04/23/1982,IA
80,Jessica,Black,12/11/1981,KY
77,Cynthia,Duffy,07/08/1990,NC
555,Aaron,Henry,10/15/1978,MI
95,Autumn,Peterson,01/02/1965,OK
595,Danielle,Murphy,08/15/1963,TX
543,Deborah,Hoffman,10/20/1986,MT
227,Kathy,Palmer,07/19/1972,AR
572,Tim,Smith,04/22/1967,NC
387,Renee,Campbell,11/09/1970,MO
380,Bryan,Mcdaniel,04/19/1959,FL
203,Rhonda,Flores,12/13/1974,WV
636,Jonathan,Wright,06/17/1963,MO
256,Sydney,King,01/12/1977,FL
85,Janet,Gonzales,12/08/1972,UT
520,Steve,Russell,08/19/1978,WA
233,Craig,Pennington,12/25/1957,ND
410,Andrew,Thomas,04/11/1963,MA
485,Miguel,Woods,06/10/1992,ME
630,Samuel,Anderson,03/02/1969,SC
295,Cynthia,Clarke,05/29/1962,MA
487,Adam,Mcgrath,06/20/1960,AK
616,Courtney,Oconnell,04/03/1984,SD
435,Brandon,Hudson,08/07/1966,IL
349,Rachel,Lewis,02/06/1985,GA
557,Manuel,Rodriguez,03/07/1981,WA
425,Gregory,Wilkinson,08/23/1984,NC
273,Donna,Lopez,08/03/1962,NH
69,David,Scott,03/10/1992,MS
571,Gregory,Maxwell,11/21/1977,NV
169,Daniel,Wilkins,09/24/1975,MS
495,Jonathan,Henry,06/08/1989,MT
350,Heather,Shepherd,09/17/1984,WA
395,Cindy,Munoz,10/30/1986,NH
75,Dalton,Bowman,12/24/1977,ME
244,Jon,Clark,06/18/1967,TN
509,Amber,Meyer,09/04/1983,LA
339,Steven,Madden,06/18/1972,IN
534,Victoria,Lewis,01/04/1971,WA
419,Karl,Dudley,12/14/1974,TX
386,Alicia,Stone,12/24/1966,CO
328,Max,Mckay,08/17/1960,SC
612,Richard,Brown,06/30/1979,MT
502,Heather,Case,12/22/1971,AR
390,Amy,Gonzalez,10/12/1965,UT
404,Brandon,Armstrong,12/12/1973,AZ
159,Terrance,Ewing,01/15/1981,VA
115,Jessica,Boyd,04/27/1960,VA
422,Corey,Taylor,03/09/1966,MS
250,Frank,Blankenship,11/17/1958,MS
638,Monica,Montgomery,10/14/1975,MS
414,Tammy,Patrick,09/07/1961,NM
127,Corey,Sawyer,08/13/1982,DE
440,Linda,Anthony,01/23/1994,SD
594,Travis,Patrick,10/12/1967,TN
114,Linda,Davis,08/08/1975,CT
109,Anthony,Adams,02/09/1962,VT
515,Christopher,Johnson,11/03/1959,CT
31,Tracy,Austin,08/06/1980,RI
605,Matthew,Woodward,03/26/1978,ID
421,Donna,Cole,01/19/1973,NY
536,Alexis,Allen,08/11/1963,TN
267,Stephen,Parker,03/18/1967,CO
210,Nicole,Johnson,05/01/1963,PA
560,Daniel,Green,06/16/1976,AK
302,Dylan,Adams,04/16/1966,CO
640,Jason,Davis,06/06/1970,LA
449,Jennifer,Conrad,10/08/1973,WY
202,Stephen,Dawson,06/30/1985,AZ
168,Douglas,Smith,04/07/1981,MA
119,Diane,Gray,10/26/1968,HI
613,Benjamin,Gordon,07/26/1974,CO
473,Stephanie,Miller,09/08/1983,LA
615,Lynn,Stout,09/17/1973,ME
10,Malik,Scott,02/02/1958,ID
86,David,Brown,07/28/1973,OK
500,Nathan,Jenkins,01/11/1968,WI
38,Maria,Bryant,07/17/1970,MA
633,Michael,Griffin,09/15/1963,WA
530,Nathan,Smith,04/17/1979,CA
177,James,Jackson,06/01/1958,CA
266,Erika,Jones,02/02/1977,AL
4,Stephanie,Leon,04/06/1967,DE
12,Anthony,Walker,12/25/1969,RI
477,Richard,Brooks,10/17/1962,KY
575,Matthew,Bishop,06/10/1973,NJ
37,Anthony,Thompson,10/04/1990,MA
360,Justin,Garcia,09/21/1961,NC
134,Miguel,Garcia,12/21/1964,OH
416,Jeffrey,Randolph,09/24/1976,IN
45,Raymond,Tran,04/09/1957,FL
441,Brandon,Webb,09/10/1966,UT
323,Brandon,Petersen,07/06/1982,TN
58,Bryce,Ball,07/03/1994,AZ
639,Blake,Watkins,02/25/1973,NC
484,Gregory,Morales,08/21/1960,CO
50,Alyssa,Wall,08/24/1964,WA
533,Cynthia,Garcia,11/11/1960,ID
611,Amber,Williams,12/03/1969,NM
563,Steve,Stark,07/02/1957,MI
562,Charles,Baird,02/29/1968,FL
559,Mackenzie,Hall,02/28/1990,AL
481,Aaron,King,05/29/1964,SD
195,Joshua,Perez,02/08/1984,GA
186,Alexander,Valdez,10/24/1975,ND
160,Ashley,Santos,06/18/1983,AL
143,Joshua,Stephens,04/11/1988,VT
492,Steven,Long,08/18/1994,TX
6,Jack,Jackson,07/05/1975,NY
88,Roberto,Leonard,01/20/1992,MA
161,Michael,Park,06/05/1981,NM
83,Carl,Reeves,12/11/1965,LA
254,Paul,Lee,07/22/1976,IN
464,Kathryn,Ramirez,08/04/1960,OH
284,Daniel,Medina,10/31/1973,MS
25,Jesse,Gomez,01/30/1961,SC
218,Brandon,Good,08/01/1991,VA
99,Sandra,Suarez,06/08/1974,GA
356,Jeffrey,Stevenson,12/07/1957,CT
317,Richard,Mcdonald,02/21/1957,ND
229,Joanna,Castillo,03/07/1984,IN
581,Angelica,Reyes,06/06/1992,AR
452,Jennifer,Wright,03/06/1976,NM
518,James,Porter,06/30/1957,CA
479,Krystal,Brown,01/31/1961,TX
245,Christopher,Reyes,02/01/1981,IN
653,Luis,Lewis,07/18/1965,HI
19,Lynn,Owens,03/24/1985,RI
650,Anthony,Phillips,12/12/1960,NJ
137,Jessica,Mcdonald,12/29/1970,MS
619,Michelle,Allen,09/13/1972,TN
654,Victor,Webb,01/17/1959,TN
201,Martin,Melton,04/06/1972,NY
165,Pamela,Miles,11/15/1962,NC
310,Christopher,Compton,09/05/1958,SC
141,Annette,Rice,03/15/1959,FL
600,Travis,Meza,01/10/1974,NJ
529,Brian,Baker,07/28/1976,IL
369,Sharon,Lee,10/23/1967,DE
32,Brian,Sparks,02/14/1967,HI
522,Dana,Ryan,10/10/1962,VA
651,Maria,Stevens,05/12/1958,CA
608,Julia,Berry,06/17/1960,NH
336,Sarah,Williams,09/12/1964,IA
516,Trevor,Short,07/29/1980,ND
514,Michael,Johnson,04/11/1962,ME
426,Louis,Cross,11/13/1959,CO
497,Ryan,Smith,04/24/1964,OK
468,Joan,Carter,01/06/1964,KY
24,Karen,Franklin,06/17/1967,VT
221,Christian,Palmer,04/30/1992,AL
217,Kristopher,Smith,10/20/1982,HI
399,Cheryl,Velez,07/21/1963,TN
285,Jeffrey,Harris,12/20/1993,MS
21,Jamie,Doyle,06/11/1984,NV
447,Adam,Sims,12/20/1973,ID
601,Joshua,Griffith,08/01/1984,HI
378,Donald,Koch,10/02/1989,CT
548,Wendy,Leonard,03/18/1957,HI
42,Dana,Hubbard,08/06/1980,FL
344,Brett,Carson,02/27/1970,OK
252,Erica,Peters,11/05/1980,SC
428,William,Carter,01/31/1989,VT
220,Karen,Taylor,01/29/1986,AZ
118,Virginia,Cobb,12/04/1978,MI
618,Tamara,Watson,08/18/1968,NJ
370,John,Middleton,07/24/1983,OR
23,Alex,Cruz,12/23/1964,CT
511,Theresa,Crawford,01/08/1973,IL
43,Glenn,Chavez,11/29/1970,NE
311,Carrie,Davis,07/16/1963,WI
136,Michael,Haynes,09/13/1974,NE
72,Michele,Arellano,04/12/1981,IN
65,Gina,Stevens,04/05/1992,PA
577,Elizabeth,Hatfield,04/07/1959,NM
35,Michael,Reyes,07/21/1958,FL
296,Spencer,Wilson,09/18/1959,IN
578,Kevin,Smith,08/26/1992,IN
98,Steven,Giles,11/19/1980,VA
569,Mario,Butler,05/03/1979,MA
248,Billy,Romero,01/29/1958,VT
433,Katie,Miller,07/09/1970,MA
307,William,Salinas,04/24/1983,MO
398,Kendra,Alvarado,10/07/1957,CA
60,Kimberly,Wright,03/20/1979,OH
282,Judy,Nelson,10/17/1968,NV
436,Alexandra,Golden,04/08/1978,ND
318,Patricia,Park,07/28/1965,CO
494,Kylie,Chavez,01/10/1965,CT
644,Randy,Edwards,06/29/1980,OR
413,Glenda,Hebert,05/18/1987,NY
345,Erin,Garrett,04/29/1980,SD
123,Donna,Floyd,03/30/1957,SD
208,Brandon,Watson,02/12/1974,PA
346,Paul,Patterson,02/22/1985,PA
385,Hannah,Henderson,12/21/1960,PA
454,Autumn,Smith,07/24/1974,CA
209,Steven,Contreras,05/31/1986,DE
271,Miguel,Russell,09/25/1986,UT
152,Kim,Martin,08/03/1964,SC
283,Heidi,Proctor,01/31/1993,OH
592,Nicholas,May,06/19/1976,KS
469,Michael,Nunez,06/22/1982,WV
306,Gregory,Bowen,07/05/1981,OH
237,Jennifer,Juarez,06/30/1969,OK
457,April,Williamson,10/25/1990,KS
293,Francisco,Smith,08/12/1972,ND
374,Roger,Taylor,11/02/1975,GA
276,Gabriela,Williams,01/10/1976,AZ
112,Stephanie,Pittman,12/05/1965,MD
333,Sarah,Porter,08/09/1962,AZ
546,Ernest,Cooper,09/24/1971,NJ
496,Alexandra,Fisher,03/06/1976,AK
504,Henry,Turner,11/20/1984,OK
126,Charles,Rogers,08/31/1984,NV
418,Keith,Lynch,02/26/1988,IA
566,Lindsay,Bowman,08/24/1972,AL
249,Jennifer,Lutz,07/05/1990,RI
624,Mark,Mills,11/20/1962,AR
358,Dawn,Thomas,08/05/1960,NC
197,Keith,Tyler,05/10/1975,MO
538,Joseph,Smith,03/12/1960,LA
164,Michael,Dudley,03/10/1966,SD
450,Blake,Bowman,01/17/1961,ND
602,Amy,Graves,08/22/1994,SC
239,Robert,Hill,10/03/1968,AR
627,Robert,Davis,08/13/1988,MD
459,Tammy,Horton,03/06/1981,RI
394,Allison,Watkins,03/27/1992,NV
554,James,Mathis,11/29/1989,IA
90,Sabrina,Shelton,02/03/1958,ID
364,Rachel,Coleman,10/26/1983,SD
574,William,Cantrell,08/17/1973,CA
607,Donna,Carroll,09/16/1968,MA
157,Tammy,Harris,01/26/1961,OH
241,Debra,Pena,10/16/1957,MN
558,James,Reilly,03/01/1957,SD
324,Robert,Krause,03/11/1957,NM
183,Chad,Crawford,11/05/1990,IL
381,Luke,Huerta,01/05/1986,MI
505,Corey,Long,09/06/1978,MO
437,Joshua,Flores,10/30/1987,NE
135,Jeffery,Collins,06/01/1993,KY
27,Michael,Clements,01/03/1994,NC
48,Christopher,Williams,02/23/1977,HI
286,Laura,Mata,10/22/1966,AL
308,Jessica,Campbell,09/16/1968,FL
163,Kristy,Hebert,11/12/1973,WA
275,Rachel,Silva,11/19/1974,ND
521,Tyrone,Dean,01/31/1986,VA
53,Angela,White,02/17/1963,ME
539,Teresa,Bell,05/12/1975,IN
482,Edwin,Williams,07/27/1981,PA
342,Hannah,Hicks,06/05/1978,LA
150,Kevin,Rivera,03/14/1994,DE
448,Trevor,Jones,07/28/1959,OR
604,Emily,Silva,04/24/1989,MN
154,Emma,Thomas,02/25/1960,ND
591,Lisa,Myers,07/22/1980,WI
196,Jennifer,King,02/04/1975,MD
507,Dylan,Walker,11/01/1971,GA
409,Andrea,Snyder,07/10/1981,KY
629,Samuel,Lane,02/09/1992,OK
305,Jennifer,Cameron,05/16/1962,OR
297,Rodney,Cross,06/14/1985,NE
133,Dustin,Brown,12/18/1990,OR
125,Krista,Mack,09/30/1969,SD
106,Luis,Ruiz,02/01/1977,NV
335,Cassandra,Johnson,12/01/1991,AL
648,Ruth,Nichols,07/21/1990,NE
332,Pamela,Dean,08/15/1987,CT
175,Beth,Lee,12/08/1961,MN
104,Christopher,Martin,04/26/1977,WY
314,Amanda,Johnson,09/03/1974,MA
551,Joseph,Barnett,10/24/1959,OR
124,Maria,Burns,11/24/1979,WV
8,Kevin,Riley,09/05/1962,WV
251,Brian,Reyes,07/15/1962,WV
643,Jeffrey,Robinson,06/21/1958,MO
238,David,Gardner,09/05/1961,FL
303,Tracey,Downs,02/28/1974,NM
519,Cody,Ramirez,10/15/1982,LA
178,Heather,Gray,05/09/1981,KS
458,Erika,Lewis,02/15/1960,CO
207,Ronald,Maynard,11/22/1978,KY
598,Ashley,Saunders,06/11/1991,GA
352,Paul,Kaufman,11/02/1978,IA
645,Nathan,Rosario,06/15/1964,NY
146,Melissa,Nguyen,10/06/1978,MN
51,Mitchell,Gill,07/27/1989,KY
512,Michael,Shaw,04/18/1977,OR
467,Crystal,Jones,12/20/1972,MD
179,Jasmine,Harrison,12/04/1957,WV
54,Chase,Grant,05/04/1985,KS
570,Shawn,Kidd,04/10/1961,MN
527,Chris,Robinson,01/24/1970,SC
288,Carla,Smith,05/05/1969,AL
382,Kimberly,Burns,01/30/1985,CA
408,Lori,Sullivan,10/05/1992,NY
147,Jennifer,Williams,02/25/1994,ME
198,John,Lamb,03/09/1986,CO
194,Joanne,Lamb,06/28/1974,LA
206,David,Brown,12/27/1978,DE
76,Scott,Leach,04/03/1985,AR
432,Andrew,Tyler,04/08/1970,IA
